uuid,title,author,date_published,publisher
d7edd490-9d35-43f4-84ef-d48c4022fe22,ReOstTCwJT,1900-01-01,21308,aeWPaVrqLZ
f91ee86d-776e-4977-a443-2dc853883485,LZaCktNoMI,1900-01-01,06806,oFFSiSxLJa
f1192fc2-893c-45aa-8a3c-0217bafeafab,WWknRaONzz,1900-01-01,20725,YokMgOQzBd
1aa60165-b87e-4864-9fc8-d1085644d831,cDsdxvVFvw,1900-01-01,59929,zZGgKFqVvq
cf601a98-288b-430e-84ed-0258eac79272,VLavlNOeOr,1900-01-01,65119,PYanesopBu
14370955-ab65-45c3-9e81-2af312f32e72,uwKPaISQxO,1900-01-01,00028,MWGQzgoiEf
b62cc9d5-7922-4fae-a374-d137406360de,tEtvcoZpLI,1900-01-01,46186,CYsvmvrlDI
c0a1c264-ba63-4e8f-b579-07b03f60df35,CGvMuDAFcb,1900-01-01,56677,PyUlZkyVAD
007bf02f-785b-4898-bc1d-6f6b3a40d03a,vTUWMKWFvY,1900-01-01,42505,allafqTTXM
5c5e1dd5-d2dd-40eb-b8fa-856475c434e7,cTqbBKOxdF,1900-01-01,18148,wUscsNIZMI
efffe2eb-224e-4529-b9d9-cf8622ee7344,lHgLyizPaw,1900-01-01,41672,sHLXyTmfeI
78bb8973-b3ae-4f9d-a48b-d7b06bf0009a,gFOdmSdRJd,1900-01-01,83765,jFNEyclXmo
27478e2b-9872-41b8-af4e-597c456b623e,CZkIRTvAkd,1900-01-01,08323,DjyuqQvqdM
52c29ccc-afb7-4391-add1-a86223934e89,kJRpAtQLAC,1900-01-01,99887,vZYPuYafyW
c14a704b-0cf9-435b-94f5-f8651ebd2f88,eBPgVXGzTM,1900-01-01,43342,JQsbjsAGsG
9f7e379c-43ac-45de-a92e-c1333a75e0f8,XHnImQfdMc,1900-01-01,47623,BDmDJqWOEN
f2aa4e76-0033-448f-be13-c99774347cad,OhYfNLBvov,1900-01-01,70693,CWdSWsfQHP
ee58fdbc-4a40-452b-bde6-664649ee8c8a,CbHIzPVWSq,1900-01-01,12400,epwwHfiXly
782d805a-7aa5-4f18-80fb-027a1b957247,xYompjCzXX,1900-01-01,54304,cPqEZtkACF
2ef0a11f-3af3-47a4-bcb6-f51c0d4d749a,PdDxTQRPZE,1900-01-01,78224,nkwkKxehPZ
8defa1ea-93f0-42b6-926a-5f87fd74cea1,lSDJZilRCS,1900-01-01,42007,CItzfOADoX
7d26c611-cb9c-4818-9b41-e7e3bfe87d02,vaOupQypfi,1900-01-01,00727,OLLIznoQlx
0ff38b78-5dd2-41c9-ad90-59b8b51c61e2,zvfuxeduVq,1900-01-01,72773,WIUsQfosFD
3e4b0341-30b0-4843-8dde-e2a664b4576f,rejZwRAEaf,1900-01-01,36502,OkVjnzgiHH
d0cfb83d-7847-4a90-9021-38391917ba3f,DYyOuJOjjK,1900-01-01,76007,CGagYFRiVX
b0bfb717-c32b-4e69-97d2-7a4abe302b12,ipQxawQXHX,1900-01-01,53746,NNrnYkzntA
61d74371-6310-464d-bd8f-2c80a74c63f5,tQraVfosge,1900-01-01,44990,cZtSZYzkdW
bc7f1ca1-ecfb-4895-8f4d-d426f0bf4f46,GWaUMicldV,1900-01-01,97455,iBQIcBQVEC
7b42eb2a-d80f-4838-b8d8-f1fa76157cd2,eAtJyVVPKX,1900-01-01,51353,yApyxwLMxm
ff81e32d-f698-4ca2-9b15-4dab0ea8ed88,JIFqJGhWhc,1900-01-01,58571,XftKoWXRbg
6929ed1e-bb08-4576-bdc8-93908b69de77,OGGaFUqVLI,1900-01-01,14593,rKinFjZZPl
19791bca-b053-4d49-b6e7-bc2aafa94fad,cJFoRNJSRk,1900-01-01,11444,qgwtIoMYHZ
29ef975f-3e64-4240-aa21-ebbc976a6a3b,FfitIpemgq,1900-01-01,44466,QatkVvRKJN
c79440cf-91cf-45a9-948b-bd3a08dc1ab1,ERvhXKNbzG,1900-01-01,31252,VlToRMUyfs
81185709-bb47-4d59-badc-b8341950dd58,gUGQeXXcMw,1900-01-01,79225,XnBUgSuQbZ
afce9735-518f-4aef-a62d-b66e37535897,zeZzvvmXJK,1900-01-01,84995,sLGHwKEKKb
0c7da52f-92dd-4d0a-b7c3-304f7182ed80,ZhBlHwwpsv,1900-01-01,03117,prsAGJJUmE
35267dd5-b992-44e2-aed0-5ef576a3aeae,ACptPyntdG,1900-01-01,52883,ZNlZbmxhDm
2f709b1b-2e97-43ef-9e81-32e85314c7d8,UtzgryBKbb,1900-01-01,75962,txCBiFpePN
25340acc-ce1c-409a-9628-c211b21aa4e2,qWXBzXUoVo,1900-01-01,88108,BFUHotDVgn
fab9adff-3331-4576-9255-fb03d911c984,SaTkazWvsO,1900-01-01,53432,jLfZZhsCrL
58d311db-7cb5-473d-a612-320a8c3a23ad,FGEBFXIKAA,1900-01-01,90595,kAKyPaqUKW
7a458453-cb95-426d-9ef6-3c3f29493ba2,yRsaqnfqFB,1900-01-01,37905,qwEMbiTSKv
26da12d9-52ac-4b40-84ab-2a847e326f41,TBSFupGOPZ,1900-01-01,34083,TqwgYbmXrS
faea1913-21ce-4ca8-b717-1db58d8645d5,BqbSCqNMbv,1900-01-01,40884,jvzdNAkHXu
65c6b54d-39d9-4621-9070-f3ba32f034d4,zfkeSuVTXb,1900-01-01,83107,kuxEUfkwuY
3e3fe851-9f6b-4634-b006-1b30c35689f7,QVYstVskjm,1900-01-01,60146,nxHdYFKran
9377a1c9-0758-4b1a-8902-dddef4549e1a,RlIlqUzRHh,1900-01-01,79556,ijVFODdFtA
540e2704-b29b-45e1-9b89-25acc7bca7b3,pshrQauMAc,1900-01-01,95668,kWfnWdtcFK
d41e485f-8c2a-4295-a319-54f7867cf0a6,KVHFSsyUmD,1900-01-01,09618,KfjMfHmNtu
d0c14566-29b0-4033-b6b1-01b2f13c3bbb,fOejinJqne,1900-01-01,86920,RzItKdEjoQ
3817f583-ac2a-4961-be66-3c3c59613428,PYEXZKqLwM,1900-01-01,87155,KLKBxoFwvs
4d46bab3-99a8-4f67-a92c-9632dc0675bf,gVPYfFaScz,1900-01-01,61985,DHDREQBWgq
57fb5eae-ec7c-4e23-9080-e97c01f6a51d,mFhYqtnNvY,1900-01-01,64224,zBysMHTejZ
ab05647c-7e72-4deb-9dbb-01e92e88c477,gjWwdajzXQ,1900-01-01,11901,tXNAsgvCBK
71fe9ec7-fa98-4cb0-8eb7-d41dfcd94163,RUdGybfvBi,1900-01-01,03998,vLWOqmIFMt
3b736629-b08a-48a6-a3af-1ee14edaf6d9,lmKwIWwcWQ,1900-01-01,00828,MacamPDddn
9453f647-55a9-47c7-9d72-089377199924,fftrMhvicG,1900-01-01,88753,kAEFGuyjyv
cf72fcb8-e8d6-4ab5-9ff8-8cf84569c3b2,zOcapFOaJr,1900-01-01,40245,NwhpTtBXqg
5b3d1d53-fd3e-438b-98b7-55bb2bdbe305,LLROBXzYqq,1900-01-01,80442,viwufUryuV
23655749-3094-4c4e-8a02-6949d83689bb,NIjuRhvCkP,1900-01-01,97344,SZfsIhsFem
dc2a3db5-8e0d-444c-9238-6c59fe0c15b1,mqGGOpbHnv,1900-01-01,94076,TUlmTLOaRi
59886f4b-5938-485e-8ce1-0f08a86cffb2,FhZZchwZMi,1900-01-01,14405,WRrwEpoNOX
310f8917-68b5-4b53-822c-a0ee59b6465a,mXpqYyyGuC,1900-01-01,08890,eSDYZVYfGZ
4386f474-a003-454e-a0ef-d13ba72834d0,hJXGTVZmGt,1900-01-01,49660,pHjLtjHtBl
19a4e19d-4690-432f-833c-8c0dad9db64e,gaJxDZzrjk,1900-01-01,76789,qadRjYJTuK
3a35114a-6541-4df1-9511-cf56f41d3cda,ECrwUrkbmX,1900-01-01,06254,mstNCmoVIg
f58ad053-3838-45b8-b922-9d9293cdbdf2,teFtxaFGpj,1900-01-01,80905,qzzzhvcKbf
5b8a23c5-0513-49ea-9c86-c51dba97dc2f,xpmulBOJSd,1900-01-01,30380,JoBHskgreI
d6df0815-2086-4df0-bc96-ee215fc308b5,xjIfhYxrEW,1900-01-01,34317,VUtNVUXSUU
55cabf9a-f7e5-4a07-a052-63a2d0c143dc,XdOQcASSFN,1900-01-01,67154,ggHaIlZDoH
caef5fb8-545f-4897-b21b-a7a7f827ef4d,DCVCpyhLgc,1900-01-01,81041,ozijFlVmtS
29ce2111-e451-49e0-b080-dedd4668b42a,ojFCxRFbZl,1900-01-01,14542,HGhMxWeyCl
ed8aa6ca-ec24-4c36-85d9-9b772bb77b6b,HXWIHdckxW,1900-01-01,44707,QptKDBrLrx
2a36b53f-2a02-4776-ad04-b583d9ff8d6f,GxMhmXvxVw,1900-01-01,65669,dtyrbuJseG
42ebdf95-60d5-4c7c-8bb7-cf3f35e234d9,cYqngvfIGV,1900-01-01,92587,cGWOSLPEFQ
ab1e27c0-0a57-4beb-b3da-07f2cfaf937c,oseaoJRkEw,1900-01-01,00478,DXqEXIGplh
929a0741-db0e-43f3-b410-ca28ba55d73b,ETdVMWnVFr,1900-01-01,69500,MKScypimfh
d2bafd82-15ba-4d9c-9431-1521ad614ce8,VATqgcSKLB,1900-01-01,39952,lDZURhYJtm
a2c3cac5-7d26-41ca-96b2-e0e4e0d5376d,jJqxAkKQTO,1900-01-01,42521,fnxvMJYMPR
742497ca-e67d-478c-991d-4d3e087ae420,ofOukIRhsa,1900-01-01,37928,mNvaARHhxE
2cc86f6c-53c1-4877-a726-8e90595a3bb6,KuNzpNTads,1900-01-01,22778,ZXGPHNWvMN
65467cf6-96a5-41ab-91d7-18398264b39c,hgKUmYaNpy,1900-01-01,64002,hzcBsSbLaJ
15965bd2-8ed1-435d-be6d-93efb1446fcc,UBSLZxLeXT,1900-01-01,85307,fIDFbhMqOH
6c7acf68-a425-472b-9d4d-b646ba258a20,WeHpQFsjKs,1900-01-01,43541,TGIuLQhiDq
f3e55190-d5ef-4a52-88d0-6ada113efd14,PVguRaqMOg,1900-01-01,61093,CsCyYCrQxQ
68abd36a-fd05-46fc-924b-841edc75ca67,hYpERPpVvm,1900-01-01,13743,aAXHWgEYCY
0ae30372-683e-42f5-bfa5-5bab2423685a,TjzMAIEZzW,1900-01-01,03456,weFRSBmrmB
03357bbd-3634-4c77-bf23-3b31b8527ea9,MmotGsVkRU,1900-01-01,84417,UuMdlnguCv
e8860cf7-fbee-4297-9828-c9624c60411f,LvbGAToZpx,1900-01-01,12486,AcDkuMTcbg
7cfcfd50-83e4-48aa-90a7-e8b0db04516d,bnvdFYxWCw,1900-01-01,97920,NoTPTyuGEH
d23ab49a-920d-450a-baf8-2996c811745c,LoeLTAlmmJ,1900-01-01,19548,LvvmifYqRn
3c9f1c3d-05b1-43ef-9bff-a74fd22fc95f,ySXeLjjtkz,1900-01-01,93363,xLuDsoQNMJ
c4003cc8-790f-409a-8a4d-316ffc1cbdc2,arjMzsPQuW,1900-01-01,21104,jRqUlzHmxU
85590084-9533-4814-a1fa-c8cec63560b4,nssFDonrDU,1900-01-01,40230,cCqxpWBVKU
178648fa-87a2-41bf-9756-31fe4c32592c,vLVziuwazv,1900-01-01,01307,coSqRStagM
3cddc304-8d6a-474b-a975-a3590d2eb014,XxtldxEMLv,1900-01-01,90175,aeAVfKBXIv
4a6d1f1b-0877-4659-afde-3f55424e0249,IfoYpIFsuf,1900-01-01,23633,hKwDUQBgyX
30ae4635-5664-4e9f-9cb5-17eaa05157f0,gfWiYfJwWr,1900-01-01,19668,uTFgfELAMr
a624bad2-37e8-4178-96f2-ec6f59ef2cdc,irLuEZqzcs,1900-01-01,14382,BCwdxMDrpD
be5c81a0-0f7d-4f31-bc4f-fae5bfce7890,hWSxEBxzqH,1900-01-01,21858,NjJYLCMyZh
783b321b-1f72-45e5-8fc5-5daab2767f9b,AABkyMEwCh,1900-01-01,92789,ENLdNYpdHu
87394135-d204-45b8-bb61-eb10b672a12c,qgGaUOHqni,1900-01-01,92150,Cbvieqyyvk
825f062d-2a75-4069-8f12-8e91f515ba93,tbtzCNRNyG,1900-01-01,29039,feOErOWSwd
98b0d43c-803e-4145-9ff1-fb9c9b5d895a,voGZXLjCFO,1900-01-01,77835,IFvAyGFmpM
ef97a4a5-b951-49e0-a6ed-906f4370de5b,ekexmCTSLE,1900-01-01,91302,BrHRFJrqUv
f75c6f1b-b923-41a3-b4fd-165cd2cb714b,ELoYgSBuIp,1900-01-01,14541,cfIyPrhqKq
df249fbc-c3da-4f5b-99a9-16f9b4137814,cEWeluQnCX,1900-01-01,12858,YxpQkOpfCI
7d6b9cca-aaf4-4ff8-b708-e2a603d14cd8,KrGMUjqWkU,1900-01-01,04465,KICwljojph
69d99ec8-f9eb-4d98-8344-6593ead7da85,RKfdEvgxjl,1900-01-01,45806,NnmjIXCfIy
5c96c440-e305-4094-979b-f08c829752de,OmXyZHPheW,1900-01-01,04782,udpyevpzXn
09f49871-31a6-465b-9ddc-6ef35049a828,kpCxMLdLiK,1900-01-01,55114,IbDEJxHmfo
fd989edb-7f31-463b-b209-13c1b3eff5c6,dUjUvMXVlM,1900-01-01,54783,YBSxRxEVXS
a282f535-949b-4ac8-b79a-be548f5cf95e,mwWsrMNlXs,1900-01-01,32856,lfCxfQNgjT
7a5acbae-21a3-4c57-9939-4c8a3658e41c,ZYewHzVGHI,1900-01-01,06029,marCWveGKS
52f38bd7-b691-4b5a-8991-be83c30fbc8c,ZtAGBCRtaV,1900-01-01,92827,YkqApIIpLI
aa2ed829-dfe2-4e24-b02e-a1a70d933e83,WPQQrXjFjr,1900-01-01,40968,bJkFBOSsJa
cc4dc161-0f79-4416-9a48-b5bcf263cf8d,WwUTbGKSyl,1900-01-01,48878,wraJJMUSDo
55f00a12-ec21-44c3-afa0-84671540c697,mSVYjoyKRN,1900-01-01,60226,mGQvJolQDU
0d70d369-d3a9-4674-8866-96c197f3c6b0,XcUuiZXBID,1900-01-01,22153,zibQLJBxPS
86591110-a1f1-465b-8e25-22b000a6e9c6,ywohIqZFYQ,1900-01-01,44221,xcjqqQeiPi
f5d983ec-5c52-4065-bbad-87616461ff05,AyzqpfftPM,1900-01-01,98265,pkRxsQpdTb
296a31fe-0b92-4f37-8163-8d6a16392400,mOQoKcNdig,1900-01-01,03289,YOWkVzJyBv
819bdf4f-f3ce-446a-9d58-3be963a48c03,jYvhIcOlRu,1900-01-01,45896,AOScDqPWqF
cacc58fd-f6f4-4fc1-b586-291bda1bde38,zlUVGIbsij,1900-01-01,19861,jyDkMwRsan
7c4089b8-deb1-4d68-984c-25aedf70eec3,IxbLCeloPi,1900-01-01,73901,uYZHDitGWY
1c8eed16-2985-41f2-bb05-ec3f05363ced,DFlBfBPrxN,1900-01-01,35325,uQPufkWzUR
6f18a416-b534-4a36-9509-71ae8b48aec9,nYvmPXMjtj,1900-01-01,20751,nbbUYxFbIS
710dd62a-853d-49f4-bdf1-9909d3c3064f,rEBkSImYrm,1900-01-01,44539,hyHXpcEDfN
3bc9ace7-891f-4564-8727-b8c7709d1422,ZeHYTPMZPu,1900-01-01,39389,oAPSXEoWdg
e43b2aba-557c-4b35-80a3-82954403d7b6,HqOeDonwtA,1900-01-01,06539,XjKaoiNcKS
61085e92-0883-4db1-b77e-965276e18b3f,hpqdjTLUtD,1900-01-01,36768,xQPRJutfFQ
b06c987b-72e4-46f8-ac52-eb55901de209,JesCOUjADG,1900-01-01,62777,HYeYUGHhwM
ba56bad3-f67d-4951-8543-f92e7fce7715,ieawmNHoMK,1900-01-01,12791,YTspXLknZk
4f650c34-0891-49d4-94ae-140b45009664,IxKQZAvZyA,1900-01-01,04114,cMtYugVsOn
74efa47d-1d1c-465d-8eff-531886edcd7b,tKNNSSvMGr,1900-01-01,71983,AxITIyfDwp
e8e60176-a5bb-4372-b5b5-131e4ae10c2f,XuYxapfUIo,1900-01-01,25345,DVSVLwrxCN
8cff014d-89fa-4a62-bc0d-1ec3ec1943dd,zICokuIodR,1900-01-01,91044,EGWCZHurhR
3e3fe50c-b03b-4dc3-954d-ae79f867ff41,VxAkuxKafN,1900-01-01,42626,oJNFLnnTcq
c3290997-40a7-4a04-aa97-fccb198877cc,axglGinLpy,1900-01-01,54203,bRZMZhRnuj
179cf24d-1128-472e-b5a6-e60970414bed,MvYoMbTEZl,1900-01-01,95230,TEbIqNMirU
2de1d1cc-4a90-49e2-88c4-5fb17ce5284b,jDqGmSdhXG,1900-01-01,72800,ABDwvJtLim
b0113bc8-c9bf-485a-9c91-d84d634e6410,AkmtdgcOEU,1900-01-01,94200,IgxXvVEhau
9d8b3465-2010-48e5-911c-dab59d90e561,bGxsGLSSIe,1900-01-01,27419,WOQrSgSFwU
541d870e-05fe-4ece-8bc4-b17a061047cd,hUeMgcJkEp,1900-01-01,11071,eRckMAhlcZ
9010cec0-57cf-48ca-90c0-8d4fb7d7abac,FvNvvFuElp,1900-01-01,51704,aAfLoqBCmY
2494e517-f265-4027-aa29-7de17414c168,MMSCdSOTMy,1900-01-01,26356,OnsAGQdvTR
1068258e-1483-4492-a45e-5620b86bc2df,lUgOELbZqI,1900-01-01,93352,xWrrrsJpHs
ca0c61a5-3b12-41fc-a22c-70d4792cc053,RPErFSGRVh,1900-01-01,17841,wSuGrBDSrt
131495ae-67fb-4630-8312-c7e6476087af,qinyASBVnj,1900-01-01,85429,VSJdzuQIIy
521ec82c-6137-4b64-b214-fea90be4a8f3,ztPdVJAIrX,1900-01-01,20339,mNENzBmNHr
90b2d17b-5800-417a-8e2f-b96d2edc651f,tXtctEgvDF,1900-01-01,28258,zrkIDHIYDe
73b3d068-5810-42f6-830f-0e3c52121020,odAaAojBTH,1900-01-01,94253,QuyOqnoSOL
05a439a8-68a9-474e-8da1-99e8f3d23ebe,nrxIbquPBi,1900-01-01,79731,AXSQaBjScI
e3d25883-3201-4641-8386-b614ba0611b2,VnQFpSbPXN,1900-01-01,72879,btuwBgHuBy
2cea1d58-f403-4649-9448-e615dab84cb8,oGvgrdGwRY,1900-01-01,73779,AIuJxsYjPr
76db3547-c0e2-4db2-bc09-9ea838dfc8b3,JHJfqwInPp,1900-01-01,13745,nefRXytVtk
01eaed18-61b7-4694-9bf7-91edeaff69ab,mEgCUsezQJ,1900-01-01,80922,fZbczSoVKJ
70bd1d00-0cf2-4bf1-af12-8855192ed84e,MBJcvwcuAQ,1900-01-01,67630,LQmsIfsdKu
1487d222-9374-4123-8199-92e4c3257c2f,yuUQgaybnc,1900-01-01,23372,AWMJJJbbKF
f342571e-2490-4f05-af4a-93c7ece1f684,FItEpGCQpa,1900-01-01,80378,urRXDxjSWH
d5a69bee-719f-4013-87b9-370369bc3f31,xEPfSzaFRA,1900-01-01,68036,CjdsPQYZSV
8ae53056-8257-4ae7-8ac1-2c4d22f2763b,lvFosIuQnq,1900-01-01,64317,eEeLLWcLXc
f028c1aa-1c70-4b03-beab-5722ef27daf5,RTNrCXnxNc,1900-01-01,86492,dIgnmCoTcp
dd124c2f-13e2-4694-89e0-ad0c906f07f4,WMKUOrNEtx,1900-01-01,18185,xUrcsAlojE
f2704032-fd09-488a-9940-ef95289653e5,RIMvCJVDkn,1900-01-01,98353,sJIvlgVpxP
33db0557-4af6-4957-b976-56a06b6cae10,LVpzrJHmPS,1900-01-01,34126,deHlYveQmg
b1cb1759-275e-4ab6-b428-9bb35098d55c,NSRDgyeMst,1900-01-01,51359,eHrDGiQxrZ
53359264-fd9d-4c45-9cb9-a366b8903b49,QKrJVZNUKE,1900-01-01,39975,csHfUarRlx
696d4564-8ed8-4a7b-bcf3-142787cb4671,lmUTKFKOdh,1900-01-01,12006,YgmNTwlIAL
ff10682e-f18e-419e-bc00-0312a7665a68,oNzQmHtKkB,1900-01-01,70971,ysAxMqbSfW
8f97aebf-18c2-4443-ae9d-ec7d879f9345,HvFMGwSAwu,1900-01-01,53347,ptswdYncaG
cd3d5d6a-a022-425b-86d3-fa6037c01c80,HwiIhDvXPc,1900-01-01,63573,wPfSuHBJoz
f4a9be11-af82-408c-b93f-bdbb1b98c4fd,MxrDoVuVWF,1900-01-01,44341,gTYgcftvjF
86a75a80-64a6-4279-b139-2e821d857030,ushPQifsyr,1900-01-01,86895,fsqMNGlwlW
d06fd808-ee9f-4d1d-9457-235241efdc88,GoumZMfEQM,1900-01-01,07340,YWTOfFUfFi
45019a8d-cf48-46f8-85ca-4bbe35a0cb02,tVZurCEGKG,1900-01-01,79972,bHMPglHqby
f9be8b7a-c325-4093-b011-e96ca7112e42,VYdKanUbDr,1900-01-01,30628,cZPsTAoQyZ
546143bf-a5be-4d7a-bca7-399114afecf9,yGjoqPoVIZ,1900-01-01,56405,spMWXfZZCI
7c443d04-5b00-44e3-a4ff-ceb917ee7ba0,vcpUVvPFHJ,1900-01-01,02971,frUzzOCkNo
3c8eecdb-db60-4aec-a9cc-e1de107b717b,CkLZCyoGtX,1900-01-01,83769,BRNoPqUCXl
d65adb3f-a3d6-447b-9987-8b50fd155ad7,IkQCLplaUl,1900-01-01,69950,LoAOtuscbR
192dc26e-7759-46d6-adc0-3a96830c82fb,mwSGqyLczB,1900-01-01,03926,xbBuiwGmYo
757c7496-ae89-4e89-bbbb-ef37e34fb7e7,pekIeiNXEc,1900-01-01,84325,bneENDkQHQ
5eff89e1-a6e2-4abc-ba16-9c0bab133788,STPaAnGrLm,1900-01-01,13969,wReMpCqEwE
d4064115-8b4d-400a-828c-3f08410d2eb3,VvChyGKsfF,1900-01-01,93795,CQbyvfzTcm
cc948d3d-059b-40b7-9ae1-30194479dd36,LXrpHOvIMM,1900-01-01,06905,PpQepPeCBy
27592374-29c6-4d38-a0c2-3b2d352af801,NCFCsoAULZ,1900-01-01,23782,BaUBgKjUdi
f2e18ac7-2a61-4523-a0ef-eff48ee5ee66,MQGpivxLgv,1900-01-01,44254,PJGuYrTtin
702b2223-0421-42aa-8b43-2144c321ee10,vcdvTbMacg,1900-01-01,61337,GPbEubfzAT
0a269c3f-60f0-4675-90d7-b96670177fc6,TzactQZCgb,1900-01-01,70792,uuVWPaMsmk
523ae7e9-cab4-41aa-bfd7-c61927d45eed,vwFrlYwZhf,1900-01-01,94129,BaFjlPYmZR
4bc3b0e2-f9f9-452d-b7fa-28ba7f5cb5de,LFwMjWhQQQ,1900-01-01,11727,aTvrnSvyWA
430fb1bd-cae5-4862-8641-2bf7a0eb6567,QQrcFcGSXL,1900-01-01,71899,zUtfUlibDy
f4b2e19e-6a7d-4648-bd9b-b37095d19bac,YlxaDOFdtA,1900-01-01,51832,xOJMSCTUgA
6621251e-ac38-46a0-8066-b639cc9271c1,rqrZTJVbdq,1900-01-01,51455,RkUUaByeuk
6bf607cf-812d-4cda-aed2-8877040b79e2,gXTxmuKCix,1900-01-01,31125,BsQdNRjUfK
865a05b4-54dd-4bda-a1d7-f80862dfa414,KNrplfGtVH,1900-01-01,32354,tXmfSoDkCd
56750b8c-7056-4f63-a867-5def402e6bbf,NwgZVCMyKj,1900-01-01,09711,EmNsgpTVJJ
92a4c712-9a82-4ec5-bcbd-c5e6a521e2b9,yDzuMjzmUO,1900-01-01,17007,oSAYIrOORh
